[
  {
    "day": 1,
    "date": "January 1",
    "source": "Bhagavad Gita 6.35",
    "category": "Self-Mastery & Control",
    "sanskrit": "अभ्यासेन तु कौन्तेय वैराग्येण च गृह्यते",
    "hindi": "निरंतर अभ्यास और वैराग्य से मन को वश में किया जा सकता है",
    "english": "Through practice and detachment, the mind can be controlled",
    "context": "Building habits requires consistent daily practice",
    "actionable_insight": "Practice your habit once today, even if imperfectly"
  },
  {
    "day": 2,
    "date": "January 2",
    "source": "Bhagavad Gita 2.47",
    "category": "Action Over Results",
    "sanskrit": "कर्मण्येवाधिकारस्ते मा फलेषु कदाचन",
    "hindi": "कर्म में ही तुम्हारा अधिकार है, फल में कभी नहीं",
    "english": "You have the right to work only, never to its fruits",
    "context": "Focus on daily habits, not on immediate results",
    "actionable_insight": "Complete your habit without worrying about outcomes"
  },
  {
    "day": 3,
    "date": "January 3",
    "source": "Bhagavad Gita 3.8",
    "category": "Duty & Responsibility",
    "sanskrit": "नियतं कुरु कर्म त्वं कर्म ज्यायो ह्यकर्मणः",
    "hindi": "अपना नियत कर्म करो, कर्म न करने से कर्म श्रेष्ठ है",
    "english": "Perform your duty, for action is superior to inaction",
    "context": "Show up for your habits even when unmotivated",
    "actionable_insight": "Do your habit today, even if you don't feel like it"
  },
  {
    "day": 4,
    "date": "January 4",
    "source": "Bhagavad Gita 6.5",
    "category": "Self-Mastery & Control",
    "sanskrit": "उद्धरेदात्मनात्मानं नात्मानमवसादयेत्",
    "hindi": "स्वयं अपना उद्धार करो, अपने को नीचे मत गिराओ",
    "english": "Elevate yourself through your own efforts",
    "context": "You are responsible for building your habits",
    "actionable_insight": "Choose the action your future self will thank you for"
  },
  {
    "day": 5,
    "date": "January 5",
    "source": "Bhagavad Gita 2.48",
    "category": "Discipline & Consistency",
    "sanskrit": "योगस्थः कुरु कर्माणि सङ्गं त्यक्त्वा धनञ्जय",
    "hindi": "योग में स्थित होकर कर्म करो, आसक्ति को त्यागकर",
    "english": "Be steadfast in yoga and perform your actions",
    "context": "Stay balanced while pursuing your daily habits",
    "actionable_insight": "Approach today's habit with calm determination"
  },
  {
    "day": 6,
    "date": "January 6",
    "source": "Bhagavad Gita 18.48",
    "category": "Perseverance & Resilience",
    "sanskrit": "सहजं कर्म कौन्तेय सदोषमपि न त्यजेत्",
    "hindi": "स्वाभाविक कर्म को दोषयुक्त होने पर भी न छोड़े",
    "english": "Do not abandon your duty even if imperfect",
    "context": "Don't quit your habit because of small failures",
    "actionable_insight": "Continue today even if yesterday wasn't perfect"
  },
  {
    "day": 7,
    "date": "January 7",
    "source": "Bhagavad Gita 2.14",
    "category": "Perseverance & Resilience",
    "sanskrit": "तांस्तितिक्षस्व भारत",
    "hindi": "इन सबको सहन करो, भारत",
    "english": "Endure them with patience",
    "context": "Discomfort is part of building new habits",
    "actionable_insight": "Push through today's resistance with patience"
  },
  {
    "day": 8,
    "date": "January 8",
    "source": "Bhagavad Gita 3.35",
    "category": "Duty & Responsibility",
    "sanskrit": "स्वधर्मे निधनं श्रेयः परधर्मो भयावहः",
    "hindi": "अपने धर्म में मरना श्रेष्ठ है",
    "english": "Better is one's own duty, however imperfect",
    "context": "Stay committed to your chosen habits",
    "actionable_insight": "Focus on your own progress, not others'"
  },
  {
    "day": 9,
    "date": "January 9",
    "source": "Bhagavad Gita 6.25",
    "category": "Self-Mastery & Control",
    "sanskrit": "शनैः शनैरुपरमेद्बुद्ध्या धृतिगृहीतया",
    "hindi": "धीरे-धीरे धैर्य से शांत हो",
    "english": "Gradually, step by step, with patience",
    "context": "Habits form slowly through consistent effort",
    "actionable_insight": "Take one small step toward your habit today"
  },
  {
    "day": 10,
    "date": "January 10",
    "source": "Bhagavad Gita 2.40",
    "category": "Discipline & Consistency",
    "sanskrit": "नेहाभिक्रमनाशोऽस्ति प्रत्यवायो न विद्यते",
    "hindi": "इसमें आरम्भ का नाश नहीं होता",
    "english": "In this path, no effort is ever lost",
    "context": "Every small habit repetition counts",
    "actionable_insight": "Your effort today adds to your progress"
  },
  {
    "day": 11,
    "date": "January 11",
    "source": "Bhagavad Gita 4.38",
    "category": "Wisdom & Right Action",
    "sanskrit": "न हि ज्ञानेन सदृशं पवित्रमिह विद्यते",
    "hindi": "ज्ञान के समान पवित्र करने वाला कुछ नहीं",
    "english": "Nothing is as purifying as knowledge",
    "context": "Learning improves your habits over time",
    "actionable_insight": "Reflect on what you learned from practice"
  },
  {
    "day": 12,
    "date": "January 12",
    "source": "Bhagavad Gita 6.17",
    "category": "Discipline & Consistency",
    "sanskrit": "युक्ताहारविहारस्य युक्तचेष्टस्य कर्मसु",
    "hindi": "आहार-विहार में युक्त",
    "english": "For one moderate in eating, recreation, action",
    "context": "Balance is key to sustainable habits",
    "actionable_insight": "Practice your habit in moderation today"
  },
  {
    "day": 13,
    "date": "January 13",
    "source": "Bhagavad Gita 18.37",
    "category": "Perseverance & Resilience",
    "sanskrit": "यत्तदग्रे विषमिव परिणामेऽमृतोपमम्",
    "hindi": "जो पहले विष समान, परिणाम में अमृत",
    "english": "That which seems poison becomes nectar",
    "context": "Hard habits become easy over time",
    "actionable_insight": "Embrace today's difficulty for tomorrow's ease"
  },
  {
    "day": 14,
    "date": "January 14",
    "source": "Bhagavad Gita 2.50",
    "category": "Action Over Results",
    "sanskrit": "योगः कर्मसु कौशलम्",
    "hindi": "कर्मों में कुशलता ही योग है",
    "english": "Yoga is skill in action",
    "context": "Excellence comes from mindful practice",
    "actionable_insight": "Focus on doing your habit skillfully today"
  },
  {
    "day": 15,
    "date": "January 15",
    "source": "Bhagavad Gita 3.19",
    "category": "Duty & Responsibility",
    "sanskrit": "तस्मादसक्तः सततं कार्यं कर्म समाचर",
    "hindi": "निरंतर आसक्ति रहित होकर कर्तव्य करो",
    "english": "Always perform duty without attachment",
    "context": "Keep working without obsessing over results",
    "actionable_insight": "Complete your habit with a calm, focused mind"
  },
  {
    "day": 16,
    "date": "January 16",
    "source": "Bhagavad Gita 6.26",
    "category": "Self-Mastery & Control",
    "sanskrit": "यतो यतो निश्चरति मनश्चञ्चलमस्थिरम्",
    "hindi": "जहाँ-जहाँ चंचल मन जाए, वहाँ से रोको",
    "english": "Wherever the mind wanders, bring it back",
    "context": "Refocus on your habit when distracted",
    "actionable_insight": "Return to your practice when your mind wanders"
  },
  {
    "day": 17,
    "date": "January 17",
    "source": "Bhagavad Gita 2.38",
    "category": "Courage & Determination",
    "sanskrit": "सुखदुःखे समे कृत्वा लाभालाभौ जयाजयौ",
    "hindi": "सुख-दुख, लाभ-हानि को समान मानकर",
    "english": "Treating pleasure and pain equally",
    "context": "Stay consistent regardless of how you feel",
    "actionable_insight": "Practice whether you feel good or bad"
  },
  {
    "day": 18,
    "date": "January 18",
    "source": "Bhagavad Gita 18.33",
    "category": "Discipline & Consistency",
    "sanskrit": "धृत्या यया धारयते मनःप्राणेन्द्रियक्रियाः",
    "hindi": "धृति से मन-इंद्रियों को धारण करे",
    "english": "Determination that sustains mind and senses",
    "context": "Willpower grows with daily practice",
    "actionable_insight": "Use determination to complete today's habit"
  },
  {
    "day": 19,
    "date": "January 19",
    "source": "Bhagavad Gita 4.18",
    "category": "Wisdom & Right Action",
    "sanskrit": "कर्मण्यकर्म यः पश्येत्",
    "hindi": "जो कर्म में अकर्म देखे",
    "english": "One who sees stillness in action is wise",
    "context": "Quality matters as much as quantity",
    "actionable_insight": "Be fully present during your habit practice"
  },
  {
    "day": 20,
    "date": "January 20",
    "source": "Bhagavad Gita 3.21",
    "category": "Discipline & Consistency",
    "sanskrit": "यद्यदाचरति श्रेष्ठस्तत्तदेवेतरो जनः",
    "hindi": "श्रेष्ठ जो करता है, अन्य भी वही करते हैं",
    "english": "Whatever a great person does, others follow",
    "context": "Your habits inspire those around you",
    "actionable_insight": "Be the example by doing your habit today"
  },
  {
    "day": 21,
    "date": "January 21",
    "source": "Bhagavad Gita 6.36",
    "category": "Self-Mastery & Control",
    "sanskrit": "असंयतात्मना योगो दुष्प्राप इति मे मतिः",
    "hindi": "असंयमी के लिए योग कठिन है",
    "english": "For one without control, success is hard",
    "context": "Self-discipline makes habits easier",
    "actionable_insight": "Exercise control to strengthen all habits"
  },
  {
    "day": 22,
    "date": "January 22",
    "source": "Bhagavad Gita 2.64",
    "category": "Self-Mastery & Control",
    "sanskrit": "रागद्वेषवियुक्तैस्तु विषयानिन्द्रियैश्चरन्",
    "hindi": "राग-द्वेष से मुक्त इंद्रियों से विचरण करते",
    "english": "Moving among objects with detachment",
    "context": "Practice habits without craving or aversion",
    "actionable_insight": "Approach your habit with balanced interest"
  },
  {
    "day": 23,
    "date": "January 23",
    "source": "Bhagavad Gita 18.26",
    "category": "Action Over Results",
    "sanskrit": "मुक्तसङ्गोऽनहंवादी धृत्युत्साहसमन्वितः",
    "hindi": "आसक्तिरहित, धैर्य और उत्साह से युक्त",
    "english": "Free from attachment, patient and enthusiastic",
    "context": "Balance patience with enthusiasm",
    "actionable_insight": "Bring steadiness and energy to your practice"
  },
  {
    "day": 24,
    "date": "January 24",
    "source": "Bhagavad Gita 3.27",
    "category": "Wisdom & Right Action",
    "sanskrit": "प्रकृतेः क्रियमाणानि गुणैः कर्माणि सर्वशः",
    "hindi": "प्रकृति के गुणों द्वारा सब कर्म होते हैं",
    "english": "All actions are performed by nature",
    "context": "Work with your natural tendencies",
    "actionable_insight": "Align your habit with your natural rhythms"
  },
  {
    "day": 25,
    "date": "January 25",
    "source": "Bhagavad Gita 6.9",
    "category": "Wisdom & Right Action",
    "sanskrit": "साधुष्वपि च पापेषु समबुद्धिर्विशिष्यते",
    "hindi": "संत और पापी में समबुद्धि वाला विशिष्ट",
    "english": "One who is equal-minded is distinguished",
    "context": "Don't judge yourself harshly for missed habits",
    "actionable_insight": "Be kind to yourself; start fresh today"
  },
  {
    "day": 26,
    "date": "January 26",
    "source": "Bhagavad Gita 2.56",
    "category": "Self-Mastery & Control",
    "sanskrit": "दुःखेष्वनुद्विग्नमनाः सुखेषु विगतस्पृहः",
    "hindi": "दुखों में उद्विग्न न होने वाला",
    "english": "Undisturbed by sorrow, free from desires",
    "context": "Stay steady through habit ups and downs",
    "actionable_insight": "Accept today's challenge with equanimity"
  },
  {
    "day": 27,
    "date": "January 27",
    "source": "Bhagavad Gita 4.33",
    "category": "Wisdom & Right Action",
    "sanskrit": "श्रेयान्द्रव्यमयाद्यज्ञाज्ज्ञानयज्ञः",
    "hindi": "द्रव्यमय यज्ञ से ज्ञानयज्ञ श्रेष्ठ",
    "english": "Knowledge offering is superior to material",
    "context": "Understanding why strengthens your habit",
    "actionable_insight": "Reflect on why this habit matters to you"
  },
  {
    "day": 28,
    "date": "January 28",
    "source": "Bhagavad Gita 18.45",
    "category": "Discipline & Consistency",
    "sanskrit": "स्वे स्वे कर्मण्यभिरतः संसिद्धिं लभते नरः",
    "hindi": "अपने कर्म में रत मनुष्य सिद्धि पाता है",
    "english": "Devoted to one's duty, one attains perfection",
    "context": "Consistency brings mastery",
    "actionable_insight": "Dedicate yourself to your habit today"
  },
  {
    "day": 29,
    "date": "January 29",
    "source": "Bhagavad Gita 6.16",
    "category": "Discipline & Consistency",
    "sanskrit": "नात्यश्नतस्तु योगोऽस्ति न चैकान्तमनश्नतः",
    "hindi": "न अधिक खाने वाले का योग, न न खाने वाले का",
    "english": "Yoga is not for extremes",
    "context": "Moderation sustains long-term habits",
    "actionable_insight": "Find the sustainable middle path"
  },
  {
    "day": 30,
    "date": "January 30",
    "source": "Bhagavad Gita 2.41",
    "category": "Courage & Determination",
    "sanskrit": "व्यवसायात्मिका बुद्धिरेकेह कुरुनन्दन",
    "hindi": "निश्चयात्मक बुद्धि एक ही है",
    "english": "The resolute mind is single-pointed",
    "context": "Focused determination builds habits",
    "actionable_insight": "Commit fully to your habit practice today"
  },
  {
    "day": 31,
    "date": "January 31",
    "source": "Bhagavad Gita 18.78",
    "category": "Courage & Determination",
    "sanskrit": "यत्र योगेश्वरः कृष्णो यत्र पार्थो धनुर्धरः",
    "hindi": "जहाँ योगेश्वर और धनुर्धर, वहाँ विजय",
    "english": "Where there is dedication, there is victory",
    "context": "Combine commitment with practice",
    "actionable_insight": "End this month strong with your habit"
  },
  {
    "day": 32,
    "date": "February 1",
    "source": "Ramayana, Ayodhya Kanda",
    "category": "Perseverance & Resilience",
    "sanskrit": "धर्मो रक्षति रक्षितः",
    "hindi": "धर्म की रक्षा करने वाले की धर्म रक्षा करता है",
    "english": "Dharma protects those who protect dharma",
    "context": "Stay true to your commitments",
    "actionable_insight": "Honor your habit commitment today"
  },
  {
    "day": 33,
    "date": "February 2",
    "source": "Bhagavad Gita 9.22",
    "category": "Discipline & Consistency",
    "sanskrit": "अनन्याश्चिन्तयन्तो मां ये जनाः पर्युपासते",
    "hindi": "जो अनन्य भाव से चिंतन करते हैं",
    "english": "Those who worship with undivided attention",
    "context": "Single-minded focus builds habits",
    "actionable_insight": "Give your habit your full attention today"
  },
  {
    "day": 34,
    "date": "February 3",
    "source": "Bhagavad Gita 12.13",
    "category": "Self-Mastery & Control",
    "sanskrit": "अद्वेष्टा सर्वभूतानां मैत्रः करुण एव च",
    "hindi": "सभी प्राणियों से द्वेष न करने वाला",
    "english": "One who is friendly and compassionate to all",
    "context": "Kindness supports habit building",
    "actionable_insight": "Be gentle with yourself during practice"
  },
  {
    "day": 35,
    "date": "February 4",
    "source": "Mahabharata, Shanti Parva",
    "category": "Wisdom & Right Action",
    "sanskrit": "आत्मनः प्रतिकूलानि परेषां न समाचरेत्",
    "hindi": "जो अपने लिए प्रतिकूल है वह दूसरों के लिए न करे",
    "english": "Do not do to others what harms yourself",
    "context": "Build habits that serve everyone",
    "actionable_insight": "Choose habits that benefit you and others"
  },
  {
    "day": 36,
    "date": "February 5",
    "source": "Bhagavad Gita 5.10",
    "category": "Action Over Results",
    "sanskrit": "ब्रह्मण्याधाय कर्माणि सङ्गं त्यक्त्वा करोति यः",
    "hindi": "आसक्ति त्यागकर कर्म करने वाला",
    "english": "One who acts without attachment",
    "context": "Let go of results while working",
    "actionable_insight": "Focus on the act, not the outcome"
  },
  {
    "day": 37,
    "date": "February 6",
    "source": "Ramayana, Sundara Kanda",
    "category": "Courage & Determination",
    "sanskrit": "उत्साहो बलवानार्य नास्त्युत्साहात्परं बलम्",
    "hindi": "उत्साह बलवान है, उत्साह से बढ़कर कोई बल नहीं",
    "english": "Enthusiasm is strength; nothing is stronger",
    "context": "Energy drives habit success",
    "actionable_insight": "Bring enthusiasm to your practice today"
  },
  {
    "day": 38,
    "date": "February 7",
    "source": "Bhagavad Gita 4.7",
    "category": "Duty & Responsibility",
    "sanskrit": "यदा यदा हि धर्मस्य ग्लानिर्भवति भारत",
    "hindi": "जब-जब धर्म की हानि होती है",
    "english": "Whenever dharma declines, action arises",
    "context": "Rise to protect your commitments",
    "actionable_insight": "Recommit when your habit slips"
  },
  {
    "day": 39,
    "date": "February 8",
    "source": "Bhagavad Gita 11.33",
    "category": "Courage & Determination",
    "sanskrit": "तस्मात्त्वमुत्तिष्ठ यशो लभस्व",
    "hindi": "इसलिए तुम उठो और यश प्राप्त करो",
    "english": "Therefore arise and win glory",
    "context": "Take action despite fear",
    "actionable_insight": "Stand up and do your habit now"
  },
  {
    "day": 40,
    "date": "February 9",
    "source": "Bhagavad Gita 3.5",
    "category": "Action Over Results",
    "sanskrit": "न हि कश्चित्क्षणमपि जातु तिष्ठत्यकर्मकृत्",
    "hindi": "कोई भी क्षणभर भी बिना कर्म के नहीं रहता",
    "english": "No one can remain without action even for a moment",
    "context": "Action is unavoidable; choose wisely",
    "actionable_insight": "Channel your energy into your habit"
  },
  {
    "day": 41,
    "date": "February 10",
    "source": "Vishnu Purana",
    "category": "Discipline & Consistency",
    "sanskrit": "नित्यं कर्म समाचरेत्",
    "hindi": "नित्य कर्म का आचरण करें",
    "english": "Practice your daily duties regularly",
    "context": "Daily practice builds habits",
    "actionable_insight": "Make your habit a daily ritual"
  },
  {
    "day": 42,
    "date": "February 11",
    "source": "Bhagavad Gita 2.62",
    "category": "Self-Mastery & Control",
    "sanskrit": "ध्यायतो विषयान्पुंसः सङ्गस्तेषूपजायते",
    "hindi": "विषयों का चिंतन करने से आसक्ति होती है",
    "english": "Contemplating objects creates attachment",
    "context": "Focus on habits, not distractions",
    "actionable_insight": "Direct your thoughts toward your practice"
  },
  {
    "day": 43,
    "date": "February 12",
    "source": "Bhagavad Gita 7.8",
    "category": "Wisdom & Right Action",
    "sanskrit": "रसोऽहमप्सु कौन्तेय प्रभास्मि शशिसूर्ययोः",
    "hindi": "मैं जल में रस हूँ, सूर्य-चंद्र में प्रभा",
    "english": "I am the essence in all things",
    "context": "Find meaning in your daily habits",
    "actionable_insight": "See the deeper purpose in your practice"
  },
  {
    "day": 44,
    "date": "February 13",
    "source": "Ramayana, Kishkindha Kanda",
    "category": "Perseverance & Resilience",
    "sanskrit": "मनो हि हेतुः सर्वेषाम्",
    "hindi": "मन ही सब का कारण है",
    "english": "The mind is the cause of all things",
    "context": "Master your mind to master habits",
    "actionable_insight": "Train your mind through consistent practice"
  },
  {
    "day": 45,
    "date": "February 14",
    "source": "Bhagavad Gita 6.7",
    "category": "Self-Mastery & Control",
    "sanskrit": "जितात्मनः प्रशान्तस्य परमात्मा समाहितः",
    "hindi": "जितात्मा और प्रशांत का परमात्मा समाहित",
    "english": "For the self-controlled, peace is attained",
    "context": "Self-control brings inner peace",
    "actionable_insight": "Control one impulse today to build strength"
  },
  {
    "day": 46,
    "date": "February 15",
    "source": "Bhagavad Gita 18.5",
    "category": "Duty & Responsibility",
    "sanskrit": "यज्ञदानतपःकर्म न त्याज्यं कार्यमेव तत्",
    "hindi": "यज्ञ, दान, तप कर्म त्यागने योग्य नहीं",
    "english": "Acts of discipline should not be abandoned",
    "context": "Never abandon your core habits",
    "actionable_insight": "Stay committed to your practice today"
  },
  {
    "day": 47,
    "date": "February 16",
    "source": "Bhagavad Gita 14.22",
    "category": "Wisdom & Right Action",
    "sanskrit": "प्रकाशं च प्रवृत्तिं च मोहमेव च पाण्डव",
    "hindi": "प्रकाश, प्रवृत्ति और मोह को",
    "english": "Light, activity, and delusion",
    "context": "Choose clarity in your habits",
    "actionable_insight": "Act with awareness, not confusion"
  },
  {
    "day": 48,
    "date": "February 17",
    "source": "Mahabharata, Udyoga Parva",
    "category": "Courage & Determination",
    "sanskrit": "सत्यं च धर्मं च समाचरेत",
    "hindi": "सत्य और धर्म का आचरण करें",
    "english": "Practice truth and righteousness",
    "context": "Honest effort builds strong habits",
    "actionable_insight": "Be truthful with yourself about your practice"
  },
  {
    "day": 49,
    "date": "February 18",
    "source": "Bhagavad Gita 3.9",
    "category": "Action Over Results",
    "sanskrit": "यज्ञार्थात्कर्मणोऽन्यत्र लोकोऽयं कर्मबन्धनः",
    "hindi": "यज्ञ के लिए किए कर्म के अतिरिक्त बंधन है",
    "english": "Work done as sacrifice liberates",
    "context": "Dedicated action frees you",
    "actionable_insight": "Offer your habit as a sacred practice"
  },
  {
    "day": 50,
    "date": "February 19",
    "source": "Bhagavad Gita 6.19",
    "category": "Self-Mastery & Control",
    "sanskrit": "यथा दीपो निवातस्थो नेङ्गते सोपमा स्मृता",
    "hindi": "जैसे वायुरहित स्थान में दीपक नहीं हिलता",
    "english": "Like a lamp in a windless place",
    "context": "A steady mind supports habits",
    "actionable_insight": "Find stillness before your practice"
  },
  {
    "day": 51,
    "date": "February 20",
    "source": "Bhagavata Purana",
    "category": "Discipline & Consistency",
    "sanskrit": "निवृत्ततर्षैरुपगीयमानात्",
    "hindi": "तृष्णाओं से मुक्त होकर",
    "english": "Freed from cravings through practice",
    "context": "Regular practice reduces cravings",
    "actionable_insight": "Let your habit replace bad patterns"
  },
  {
    "day": 52,
    "date": "February 21",
    "source": "Bhagavad Gita 12.10",
    "category": "Discipline & Consistency",
    "sanskrit": "अभ्यासेऽप्यसमर्थोऽसि मत्कर्मपरमो भव",
    "hindi": "अभ्यास में असमर्थ हो तो मेरे कर्म में रत हो",
    "english": "If unable to practice, dedicate your work",
    "context": "Find ways to continue your habit",
    "actionable_insight": "Adapt your practice if needed today"
  },
  {
    "day": 53,
    "date": "February 22",
    "source": "Bhagavad Gita 18.43",
    "category": "Courage & Determination",
    "sanskrit": "शौर्यं तेजो धृतिर्दाक्ष्यं युद्धे चाप्यपलायनम्",
    "hindi": "शौर्य, तेज, धृति, दक्षता",
    "english": "Valor, vigor, fortitude, skill",
    "context": "Courage is needed for habits too",
    "actionable_insight": "Be brave in facing your practice"
  },
  {
    "day": 54,
    "date": "February 23",
    "source": "Ramayana, Yuddha Kanda",
    "category": "Perseverance & Resilience",
    "sanskrit": "विजयी भवति येन कर्ता",
    "hindi": "जो करता है वही विजयी होता है",
    "english": "The one who acts becomes victorious",
    "context": "Action leads to success",
    "actionable_insight": "Take action on your habit now"
  },
  {
    "day": 55,
    "date": "February 24",
    "source": "Bhagavad Gita 4.24",
    "category": "Wisdom & Right Action",
    "sanskrit": "ब्रह्मार्पणं ब्रह्म हविर्ब्रह्माग्नौ ब्रह्मणा हुतम्",
    "hindi": "ब्रह्म अर्पण, ब्रह्म हवि",
    "english": "The offering is sacred, the fire is sacred",
    "context": "See your habit as a sacred offering",
    "actionable_insight": "Approach your practice with reverence"
  },
  {
    "day": 56,
    "date": "February 25",
    "source": "Bhagavad Gita 2.68",
    "category": "Self-Mastery & Control",
    "sanskrit": "तस्माद्यस्य महाबाहो निगृहीतानि सर्वशः",
    "hindi": "जिसकी इंद्रियाँ वश में हैं",
    "english": "One whose senses are restrained",
    "context": "Sense control aids habit building",
    "actionable_insight": "Master one sense to master all"
  },
  {
    "day": 57,
    "date": "February 26",
    "source": "Bhagavad Gita 9.27",
    "category": "Duty & Responsibility",
    "sanskrit": "यत्करोषि यदश्नासि यज्जुहोषि ददासि यत्",
    "hindi": "जो करते हो, खाते हो, हवन करते हो",
    "english": "Whatever you do, eat, or offer",
    "context": "Make all actions a habit offering",
    "actionable_insight": "Dedicate today's practice to growth"
  },
  {
    "day": 58,
    "date": "February 27",
    "source": "Bhagavad Gita 5.7",
    "category": "Self-Mastery & Control",
    "sanskrit": "योगयुक्तो विशुद्धात्मा विजितात्मा जितेन्द्रियः",
    "hindi": "योगयुक्त, शुद्धात्मा, जितात्मा",
    "english": "United in yoga, pure, self-controlled",
    "context": "Purity and control support habits",
    "actionable_insight": "Approach your habit with a clear mind"
  },
  {
    "day": 59,
    "date": "February 28",
    "source": "Bhagavad Gita 18.59",
    "category": "Action Over Results",
    "sanskrit": "यदहंकारमाश्रित्य न योत्स्य इति मन्यसे",
    "hindi": "अहंकार के आश्रय से सोचते हो",
    "english": "If through ego you think you won't act",
    "context": "Let go of ego in your habits",
    "actionable_insight": "Practice humbly without pride"
  },
  {
    "day": 60,
    "date": "March 1",
    "source": "Bhagavad Gita 3.7",
    "category": "Discipline & Consistency",
    "sanskrit": "यस्त्विन्द्रियाणि मनसा नियम्यारभतेऽर्जुन",
    "hindi": "जो मन से इंद्रियों को नियम्य करके",
    "english": "One who controls the senses with the mind",
    "context": "Mental discipline enables habits",
    "actionable_insight": "Use your mind to direct your practice"
  },
  {
    "day": 61,
    "date": "March 2",
    "source": "Mahabharata, Vana Parva",
    "category": "Perseverance & Resilience",
    "sanskrit": "क्लेशोऽधिकतरस्तेषाम्",
    "hindi": "कठिनाई अधिक है उनके लिए",
    "english": "Greater the difficulty, greater the reward",
    "context": "Challenges strengthen habits",
    "actionable_insight": "Embrace today's challenge as growth"
  },
  {
    "day": 62,
    "date": "March 3",
    "source": "Bhagavad Gita 5.12",
    "category": "Action Over Results",
    "sanskrit": "युक्तः कर्मफलं त्यक्त्वा शान्तिमाप्नोति नैष्ठिकीम्",
    "hindi": "कर्मफल त्यागकर शांति पाता है",
    "english": "Abandoning results, one attains peace",
    "context": "Let go of outcomes for peace",
    "actionable_insight": "Practice without attachment to results"
  },
  {
    "day": 63,
    "date": "March 4",
    "source": "Bhagavad Gita 6.34",
    "category": "Self-Mastery & Control",
    "sanskrit": "चञ्चलं हि मनः कृष्ण प्रमाथि बलवद्दृढम्",
    "hindi": "मन चंचल है, प्रमथन करने वाला",
    "english": "The mind is restless and strong",
    "context": "Acknowledge your mind's nature",
    "actionable_insight": "Work with your restless mind, not against it"
  },
  {
    "day": 64,
    "date": "March 5",
    "source": "Ramayana, Aranya Kanda",
    "category": "Courage & Determination",
    "sanskrit": "दृढं करोतु संकल्पम्",
    "hindi": "दृढ़ संकल्प करें",
    "english": "Make a firm resolve",
    "context": "Strong resolve builds habits",
    "actionable_insight": "Strengthen your commitment today"
  },
  {
    "day": 65,
    "date": "March 6",
    "source": "Bhagavad Gita 4.42",
    "category": "Action Over Results",
    "sanskrit": "तस्मादज्ञानसम्भूतं हृत्स्थं ज्ञानासिनात्मनः",
    "hindi": "अज्ञान से उत्पन्न संशय को ज्ञान से",
    "english": "Cut doubt with the sword of knowledge",
    "context": "Knowledge removes habit doubts",
    "actionable_insight": "Learn more about your habit today"
  },
  {
    "day": 66,
    "date": "March 7",
    "source": "Bhagavad Gita 2.3",
    "category": "Courage & Determination",
    "sanskrit": "क्लैब्यं मा स्म गमः पार्थ नैतत्त्वय्युपपद्यते",
    "hindi": "कायरता को मत प्राप्त हो, पार्थ",
    "english": "Do not yield to weakness",
    "context": "Resist the urge to quit",
    "actionable_insight": "Be courageous in your practice today"
  },
  {
    "day": 67,
    "date": "March 8",
    "source": "Bhagavad Gita 18.66",
    "category": "Wisdom & Right Action",
    "sanskrit": "सर्वधर्मान्परित्यज्य मामेकं शरणं व्रज",
    "hindi": "सब धर्मों को त्यागकर एक शरण लो",
    "english": "Surrender to the highest path",
    "context": "Commit fully to your chosen habit",
    "actionable_insight": "All-in commitment today"
  },
  {
    "day": 68,
    "date": "March 9",
    "source": "Vishnu Purana",
    "category": "Discipline & Consistency",
    "sanskrit": "यथा हि कर्मणा लोकाः",
    "hindi": "जैसे कर्म से लोक",
    "english": "As by action the worlds are sustained",
    "context": "Your habits sustain your life",
    "actionable_insight": "See your habit as life-sustaining"
  },
  {
    "day": 69,
    "date": "March 10",
    "source": "Bhagavad Gita 12.2",
    "category": "Discipline & Consistency",
    "sanskrit": "मय्यावेश्य मनो ये मां नित्ययुक्ता उपासते",
    "hindi": "मुझमें मन लगाकर नित्ययुक्त उपासना करते",
    "english": "Those who worship with constant devotion",
    "context": "Constant devotion builds habits",
    "actionable_insight": "Practice with devotion today"
  },
  {
    "day": 70,
    "date": "March 11",
    "source": "Bhagavad Gita 3.16",
    "category": "Duty & Responsibility",
    "sanskrit": "एवं प्रवर्तितं चक्रं नानुवर्तयतीह यः",
    "hindi": "इस प्रवर्तित चक्र का अनुसरण न करने वाला",
    "english": "One who does not follow the cycle",
    "context": "Be part of the positive cycle",
    "actionable_insight": "Continue the cycle of good habits"
  },
  {
    "day": 71,
    "date": "March 12",
    "source": "Mahabharata, Sabha Parva",
    "category": "Wisdom & Right Action",
    "sanskrit": "सत्येन धार्यते पृथ्वी",
    "hindi": "सत्य से पृथ्वी धारण होती है",
    "english": "Truth sustains the earth",
    "context": "Truthful practice sustains habits",
    "actionable_insight": "Be honest about your progress"
  },
  {
    "day": 72,
    "date": "March 13",
    "source": "Bhagavad Gita 5.8",
    "category": "Self-Mastery & Control",
    "sanskrit": "नैव किंचित्करोमीति युक्तो मन्येत तत्त्ववित्",
    "hindi": "मैं कुछ नहीं करता ऐसा तत्त्ववित् मानता",
    "english": "The wise think 'I do nothing at all'",
    "context": "Act without ego in habits",
    "actionable_insight": "Let go of 'I am doing this'"
  },
  {
    "day": 73,
    "date": "March 14",
    "source": "Bhagavad Gita 6.20",
    "category": "Self-Mastery & Control",
    "sanskrit": "यत्रोपरमते चित्तं निरुद्धं योगसेवया",
    "hindi": "जहाँ योगसेवा से निरुद्ध चित्त उपराम होता",
    "english": "Where the mind rests through practice",
    "context": "Practice brings mental peace",
    "actionable_insight": "Find peace through your habit today"
  },
  {
    "day": 74,
    "date": "March 15",
    "source": "Bhagavad Gita 18.22",
    "category": "Wisdom & Right Action",
    "sanskrit": "यत्तु कृत्स्नवदेकस्मिन्कार्ये सक्तमहैतुकम्",
    "hindi": "एक कार्य में कृत्स्नवत् आसक्त",
    "english": "Attached to one task as if it were all",
    "context": "Give full attention to your habit",
    "actionable_insight": "Focus completely on today's practice"
  },
  {
    "day": 75,
    "date": "March 16",
    "source": "Ramayana, Bala Kanda",
    "category": "Discipline & Consistency",
    "sanskrit": "आचारप्रभवो धर्मः",
    "hindi": "आचार से धर्म की उत्पत्ति है",
    "english": "Dharma arises from conduct",
    "context": "Right conduct builds right habits",
    "actionable_insight": "Your actions define your character"
  },
  {
    "day": 76,
    "date": "March 17",
    "source": "Bhagavad Gita 4.11",
    "category": "Action Over Results",
    "sanskrit": "ये यथा मां प्रपद्यन्ते तांस्तथैव भजाम्यहम्",
    "hindi": "जो जैसे मेरी शरण आते हैं, वैसे भजता हूँ",
    "english": "As you approach, so I respond",
    "context": "Give to your habit and receive",
    "actionable_insight": "What you give to your habit returns to you"
  },
  {
    "day": 77,
    "date": "March 18",
    "source": "Bhagavad Gita 18.30",
    "category": "Wisdom & Right Action",
    "sanskrit": "प्रवृत्तिं च निवृत्तिं च कार्याकार्ये भयाभये",
    "hindi": "प्रवृत्ति-निवृत्ति, कार्य-अकार्य",
    "english": "Knowing action, inaction, duty, fear",
    "context": "Discernment guides right habits",
    "actionable_insight": "Make wise choices in your practice"
  },
  {
    "day": 78,
    "date": "March 19",
    "source": "Bhagavad Gita 2.70",
    "category": "Self-Mastery & Control",
    "sanskrit": "आपूर्यमाणमचलप्रतिष्ठम्",
    "hindi": "पूर्ण होते हुए भी अचल प्रतिष्ठित",
    "english": "Full yet unmoved like the ocean",
    "context": "Stay centered despite successes",
    "actionable_insight": "Remain steady even when doing well"
  },
  {
    "day": 79,
    "date": "March 20",
    "source": "Bhagavata Purana",
    "category": "Perseverance & Resilience",
    "sanskrit": "विपदः सन्तु नः शश्वत्",
    "hindi": "विपत्तियाँ सदा आती रहें",
    "english": "Let difficulties come constantly",
    "context": "Welcome challenges as teachers",
    "actionable_insight": "See today's struggle as training"
  },
  {
    "day": 80,
    "date": "March 21",
    "source": "Bhagavad Gita 3.30",
    "category": "Action Over Results",
    "sanskrit": "मयि सर्वाणि कर्माणि संन्यस्याध्यात्मचेतसा",
    "hindi": "सब कर्म मुझमें संन्यास करके",
    "english": "Surrendering all actions to the higher",
    "context": "Dedicate your habits to growth",
    "actionable_insight": "Offer your practice to something greater"
  },
  {
    "day": 81,
    "date": "March 22",
    "source": "Bhagavad Gita 5.11",
    "category": "Self-Mastery & Control",
    "sanskrit": "कायेन मनसा बुद्ध्या केवलैरिन्द्रियैरपि",
    "hindi": "शरीर, मन, बुद्धि, इंद्रियों से",
    "english": "With body, mind, intellect, senses alone",
    "context": "Engage fully in your habit",
    "actionable_insight": "Use all your faculties in practice"
  },
  {
    "day": 82,
    "date": "March 23",
    "source": "Mahabharata, Anushasana Parva",
    "category": "Wisdom & Right Action",
    "sanskrit": "अहिंसा परमो धर्मः",
    "hindi": "अहिंसा परम धर्म है",
    "english": "Non-harm is the highest duty",
    "context": "Build habits that do no harm",
    "actionable_insight": "Ensure your habit harms no one"
  },
  {
    "day": 83,
    "date": "March 24",
    "source": "Bhagavad Gita 6.23",
    "category": "Discipline & Consistency",
    "sanskrit": "तं विद्याद्दुःखसंयोगवियोगं योगसंज्ञितम्",
    "hindi": "वह दुःखसंयोग वियोग को योग जानो",
    "english": "Know that as yoga: freedom from pain",
    "context": "Yoga is freedom from suffering of inconsistency",
    "actionable_insight": "Find freedom through consistent practice"
  },
  {
    "day": 84,
    "date": "March 25",
    "source": "Bhagavad Gita 18.35",
    "category": "Self-Mastery & Control",
    "sanskrit": "यया स्वप्नं भयं शोकं विषादं मदमेव च",
    "hindi": "जिससे स्वप्न, भय, शोक, विषाद",
    "english": "By which sleep, fear, sorrow persist",
    "context": "Wrong focus perpetuates problems",
    "actionable_insight": "Direct your mind to positive habits"
  },
  {
    "day": 85,
    "date": "March 26",
    "source": "Bhagavad Gita 4.22",
    "category": "Action Over Results",
    "sanskrit": "यदृच्छालाभसन्तुष्टो द्वन्द्वातीतो विमत्सरः",
    "hindi": "yadृच्छालाभसंतुष्ट, द्वन्द्वातीत",
    "english": "Content with whatever comes, beyond dualities",
    "context": "Accept what your practice brings",
    "actionable_insight": "Be content with today's progress"
  },
  {
    "day": 86,
    "date": "March 27",
    "source": "Ramayana, Ayodhya Kanda",
    "category": "Duty & Responsibility",
    "sanskrit": "रामो विग्रहवान्धर्मः",
    "hindi": "राम साक्षात् धर्म हैं",
    "english": "Rama is dharma embodied",
    "context": "Embody your values through habits",
    "actionable_insight": "Let your habits reflect your values"
  },
  {
    "day": 87,
    "date": "March 28",
    "source": "Bhagavad Gita 12.14",
    "category": "Self-Mastery & Control",
    "sanskrit": "सन्तुष्टः सततं योगी यतात्मा दृढनिश्चयः",
    "hindi": "संतुष्ट, सतत योगी, यतात्मा, दृढ़निश्चय",
    "english": "Content, steady, self-controlled, firm",
    "context": "Contentment supports consistency",
    "actionable_insight": "Find satisfaction in your practice"
  },
  {
    "day": 88,
    "date": "March 29",
    "source": "Bhagavad Gita 2.71",
    "category": "Self-Mastery & Control",
    "sanskrit": "विहाय कामान्यः सर्वान्पुमांश्चरति निःस्पृहः",
    "hindi": "सब कामनाओं को त्यागकर निःस्पृह विचरण",
    "english": "Abandoning all desires, moving free",
    "context": "Freedom from craving aids habits",
    "actionable_insight": "Practice without needing a reward"
  },
  {
    "day": 89,
    "date": "March 30",
    "source": "Bhagavad Gita 3.25",
    "category": "Duty & Responsibility",
    "sanskrit": "सक्ताः कर्मण्यविद्वांसो यथा कुर्वन्ति भारत",
    "hindi": "आसक्त अविद्वान जैसे कर्म करते हैं",
    "english": "As the ignorant act with attachment",
    "context": "Act with wisdom, not attachment",
    "actionable_insight": "Practice wisely, not reactively"
  },
  {
    "day": 90,
    "date": "March 31",
    "source": "Bhagavad Gita 18.63",
    "category": "Wisdom & Right Action",
    "sanskrit": "इति ते ज्ञानमाख्यातं गुह्याद्गुह्यतरं मया",
    "hindi": "यह गुह्य से गुह्यतर ज्ञान कहा",
    "english": "This wisdom is the most secret of all",
    "context": "Deep wisdom guides habits",
    "actionable_insight": "Apply deep wisdom to your practice"
  },
  {
    "day": 91,
    "date": "April 1",
    "source": "Bhagavad Gita 7.3",
    "category": "Discipline & Consistency",
    "sanskrit": "मनुष्याणां सहस्रेषु कश्चिद्यतति सिद्धये",
    "hindi": "हजारों में कोई एक सिद्धि के लिए यत्न करता",
    "english": "Among thousands, one strives for perfection",
    "context": "Be among the rare who persist",
    "actionable_insight": "Be the one who continues today"
  },
  {
    "day": 92,
    "date": "April 2",
    "source": "Vishnu Purana",
    "category": "Wisdom & Right Action",
    "sanskrit": "विद्या विनयेन शोभते",
    "hindi": "विद्या विनय से शोभित होती है",
    "english": "Knowledge shines through humility",
    "context": "Humble learning improves habits",
    "actionable_insight": "Learn with humility today"
  },
  {
    "day": 93,
    "date": "April 3",
    "source": "Bhagavad Gita 6.10",
    "category": "Self-Mastery & Control",
    "sanskrit": "योगी युञ्जीत सततमात्मानं रहसि स्थितः",
    "hindi": "योगी सतत एकांत में आत्मा में लीन हो",
    "english": "The yogi should constantly unite in solitude",
    "context": "Regular solitary practice builds strength",
    "actionable_insight": "Find quiet time for your habit"
  },
  {
    "day": 94,
    "date": "April 4",
    "source": "Mahabharata, Shanti Parva",
    "category": "Perseverance & Resilience",
    "sanskrit": "न भयं न च संत्रासः",
    "hindi": "न भय है न संत्रास",
    "english": "Neither fear nor distress",
    "context": "Face habits without fear",
    "actionable_insight": "Approach your practice fearlessly"
  },
  {
    "day": 95,
    "date": "April 5",
    "source": "Bhagavad Gita 18.11",
    "category": "Action Over Results",
    "sanskrit": "न हि देहभृता शक्यं त्यक्तुं कर्माण्यशेषतः",
    "hindi": "देहधारी के लिए कर्म पूर्णतया त्यागना असंभव",
    "english": "It is impossible to abandon action entirely",
    "context": "Action is inevitable; direct it well",
    "actionable_insight": "Use your natural impulse for your habit"
  },
  {
    "day": 96,
    "date": "April 6",
    "source": "Bhagavad Gita 4.36",
    "category": "Wisdom & Right Action",
    "sanskrit": "अपि चेदसि पापेभ्यः सर्वेभ्यः पापकृत्तमः",
    "hindi": "यदि तुम सब पापियों से भी पापी हो",
    "english": "Even if you are the worst of sinners",
    "context": "Past failures don't define you",
    "actionable_insight": "Start fresh today regardless of past"
  },
  {
    "day": 97,
    "date": "April 7",
    "source": "Bhagavad Gita 9.31",
    "category": "Discipline & Consistency",
    "sanskrit": "क्षिप्रं भवति धर्मात्मा शश्वच्छान्तिं निगच्छति",
    "hindi": "शीघ्र धर्मात्मा हो जाता है, शाश्वत शांति पाता",
    "english": "Quickly becomes righteous, attains peace",
    "context": "Consistent practice transforms quickly",
    "actionable_insight": "Your commitment brings rapid change"
  },
  {
    "day": 98,
    "date": "April 8",
    "source": "Ramayana, Sundara Kanda",
    "category": "Courage & Determination",
    "sanskrit": "बुद्धिः प्रधाना बलं तथा",
    "hindi": "बुद्धि प्रधान है, बल भी",
    "english": "Intelligence is chief, strength follows",
    "context": "Smart habits beat hard habits",
    "actionable_insight": "Work smarter in your practice today"
  },
  {
    "day": 99,
    "date": "April 9",
    "source": "Bhagavad Gita 6.37",
    "category": "Perseverance & Resilience",
    "sanskrit": "अयतिः श्रद्धयोपेतो योगाच्चलितमानसः",
    "hindi": "श्रद्धायुक्त यत्न रहित योग से चलित मन वाला",
    "english": "One who strives with faith but wavers",
    "context": "Wavering is part of the journey",
    "actionable_insight": "Return to your habit even after wavering"
  },
  {
    "day": 100,
    "date": "April 10",
    "source": "Bhagavad Gita 6.40",
    "category": "Perseverance & Resilience",
    "sanskrit": "न हि कल्याणकृत्कश्चिद्दुर्गतिं तात गच्छति",
    "hindi": "कल्याणकारी कभी दुर्गति नहीं पाता",
    "english": "One who does good is never lost",
    "context": "Good habits never go to waste",
    "actionable_insight": "Your positive efforts are never wasted"
  },
  {
    "day": 101,
    "date": "April 11",
    "source": "Bhagavad Gita 17.16",
    "category": "Self-Mastery & Control",
    "sanskrit": "मनःप्रसादः सौम्यत्वं मौनमात्मविनिग्रहः",
    "hindi": "मन की प्रसन्नता, सौम्यता, मौन, आत्मनिग्रह",
    "english": "Serenity, gentleness, silence, self-control",
    "context": "Mental peace supports habits",
    "actionable_insight": "Cultivate inner calm before practice"
  },
  {
    "day": 102,
    "date": "April 12",
    "source": "Bhagavata Purana",
    "category": "Discipline & Consistency",
    "sanskrit": "सर्वं खल्विदं ब्रह्म",
    "hindi": "सब कुछ ब्रह्म ही है",
    "english": "All this is indeed the divine",
    "context": "See divinity in your daily habits",
    "actionable_insight": "Treat your practice as sacred"
  },
  {
    "day": 103,
    "date": "April 13",
    "source": "Bhagavad Gita 18.58",
    "category": "Action Over Results",
    "sanskrit": "मच्चित्तः सर्वदुर्गाणि मत्प्रसादात्तरिष्यसि",
    "hindi": "मुझमें चित्त लगाकर सब दुर्गम पार करोगे",
    "english": "With mind on the highest, cross all difficulty",
    "context": "Focused mind overcomes obstacles",
    "actionable_insight": "Focus completely on your habit today"
  },
  {
    "day": 104,
    "date": "April 14",
    "source": "Bhagavad Gita 3.42",
    "category": "Self-Mastery & Control",
    "sanskrit": "इन्द्रियाणि पराण्याहुरिन्द्रियेभ्यः परं मनः",
    "hindi": "इंद्रियों से परे मन, मन से परे बुद्धि",
    "english": "Beyond senses is the mind, beyond mind is intellect",
    "context": "Use higher faculties for habits",
    "actionable_insight": "Engage your intellect in your practice"
  },
  {
    "day": 105,
    "date": "April 15",
    "source": "Mahabharata, Shanti Parva",
    "category": "Wisdom & Right Action",
    "sanskrit": "धृतिर्दमः अमात्सर्यं शौचम्",
    "hindi": "धृति, दम, अमात्सर्य, शौच",
    "english": "Patience, self-control, non-envy, purity",
    "context": "Noble qualities build habits",
    "actionable_insight": "Bring noble qualities to your practice"
  },
  {
    "day": 106,
    "date": "April 16",
    "source": "Bhagavad Gita 7.16",
    "category": "Discipline & Consistency",
    "sanskrit": "चतुर्विधा भजन्ते मां जनाः सुकृतिनोऽर्जुन",
    "hindi": "चार प्रकार के सुकृती मुझे भजते हैं",
    "english": "Four kinds of virtuous people worship me",
    "context": "Different motivations, same practice",
    "actionable_insight": "Whatever brings you to practice, keep coming"
  },
  {
    "day": 107,
    "date": "April 17",
    "source": "Bhagavad Gita 12.12",
    "category": "Action Over Results",
    "sanskrit": "श्रेयो हि ज्ञानमभ्यासाज्ज्ञानाद्ध्यानं विशिष्यते",
    "hindi": "ज्ञान अभ्यास से श्रेयस्कर, ज्ञान से ध्यान विशिष्ट",
    "english": "Better than practice is knowledge",
    "context": "Understand why you practice",
    "actionable_insight": "Deepen your understanding of your habit"
  },
  {
    "day": 108,
    "date": "April 18",
    "source": "Bhagavad Gita 8.7",
    "category": "Discipline & Consistency",
    "sanskrit": "तस्मात्सर्वेषु कालेषु मामनुस्मर युध्य च",
    "hindi": "इसलिए सब समय मुझे स्मरण करो और युद्ध करो",
    "english": "Remember always and fight",
    "context": "Constant remembrance with action",
    "actionable_insight": "Keep your habit in mind all day"
  },
  {
    "day": 109,
    "date": "April 19",
    "source": "Ramayana, Yuddha Kanda",
    "category": "Courage & Determination",
    "sanskrit": "कृतं यत्नं च सफलं",
    "hindi": "किया गया यत्न सफल होता है",
    "english": "Effort made bears fruit",
    "context": "Your effort will succeed",
    "actionable_insight": "Trust that your practice will pay off"
  },
  {
    "day": 110,
    "date": "April 20",
    "source": "Bhagavad Gita 18.38",
    "category": "Perseverance & Resilience",
    "sanskrit": "परिणामे विषमिव तत्सुखं राजसं स्मृतम्",
    "hindi": "परिणाम में विष समान राजस सुख",
    "english": "Pleasure that turns to poison is rajasic",
    "context": "Avoid short-term pleasure habits",
    "actionable_insight": "Choose long-term benefit over quick pleasure"
  },
  {
    "day": 111,
    "date": "April 21",
    "source": "Bhagavad Gita 5.17",
    "category": "Wisdom & Right Action",
    "sanskrit": "तद्बुद्धयस्तदात्मानस्तन्निष्ठास्तत्परायणाः",
    "hindi": "तद्बुद्धि, तदात्मा, तन्निष्ठ, तत्परायण",
    "english": "Mind on that, self in that, established in that",
    "context": "Complete absorption in your path",
    "actionable_insight": "Immerse yourself in your practice"
  },
  {
    "day": 112,
    "date": "April 22",
    "source": "Bhagavad Gita 2.67",
    "category": "Self-Mastery & Control",
    "sanskrit": "इन्द्रियाणां हि चरतां यन्मनोऽनुविधीयते",
    "hindi": "विचरती इंद्रियों में जिसके पीछे मन जाता है",
    "english": "The mind following wandering senses",
    "context": "Don't let senses derail habits",
    "actionable_insight": "Guide your senses, don't follow them"
  },
  {
    "day": 113,
    "date": "April 23",
    "source": "Vishnu Purana",
    "category": "Duty & Responsibility",
    "sanskrit": "परोपकाराय पुण्याय",
    "hindi": "परोपकार के लिए पुण्य",
    "english": "Merit comes from helping others",
    "context": "Habits can serve others too",
    "actionable_insight": "Share the benefit of your habits"
  },
  {
    "day": 114,
    "date": "April 24",
    "source": "Bhagavad Gita 6.6",
    "category": "Self-Mastery & Control",
    "sanskrit": "बन्धुरात्मात्मनस्तस्य येनात्मैवात्मना जितः",
    "hindi": "जिसने आत्मा से आत्मा को जीता उसका आत्मा बंधु",
    "english": "Self is friend to one who has conquered self",
    "context": "Self-discipline is self-friendship",
    "actionable_insight": "Be your own ally through practice"
  },
  {
    "day": 115,
    "date": "April 25",
    "source": "Bhagavad Gita 9.26",
    "category": "Action Over Results",
    "sanskrit": "पत्रं पुष्पं फलं तोयं यो मे भक्त्या प्रयच्छति",
    "hindi": "पत्र, पुष्प, फल, जल जो भक्ति से दे",
    "english": "A leaf, flower, fruit, water offered with devotion",
    "context": "Simple offerings done with love",
    "actionable_insight": "Do your habit simply, with devotion"
  },
  {
    "day": 116,
    "date": "April 26",
    "source": "Mahabharata, Udyoga Parva",
    "category": "Perseverance & Resilience",
    "sanskrit": "नास्ति सत्यात्परो धर्मः",
    "hindi": "सत्य से परे कोई धर्म नहीं",
    "english": "There is no dharma higher than truth",
    "context": "Be truthful about your practice",
    "actionable_insight": "Honestly assess your habit today"
  },
  {
    "day": 117,
    "date": "April 27",
    "source": "Bhagavad Gita 17.17",
    "category": "Self-Mastery & Control",
    "sanskrit": "श्रद्धया परया तप्तं तपस्तत्त्रिविधं नरैः",
    "hindi": "परम श्रद्धा से तपा हुआ तप",
    "english": "Austerity practiced with faith",
    "context": "Faith strengthens discipline",
    "actionable_insight": "Practice with deep faith today"
  },
  {
    "day": 118,
    "date": "April 28",
    "source": "Bhagavad Gita 4.9",
    "category": "Wisdom & Right Action",
    "sanskrit": "जन्म कर्म च मे दिव्यमेवं यो वेत्ति तत्त्वतः",
    "hindi": "मेरे दिव्य जन्म कर्म को तत्त्वतः जानता है",
    "english": "One who knows the divine nature truly",
    "context": "Deep understanding transforms practice",
    "actionable_insight": "Understand the deeper purpose of your habit"
  },
  {
    "day": 119,
    "date": "April 29",
    "source": "Bhagavad Gita 3.36",
    "category": "Self-Mastery & Control",
    "sanskrit": "कामो एष क्रोध एष रजोगुणसमुद्भवः",
    "hindi": "यह काम है, क्रोध है, रजोगुण से उत्पन्न",
    "english": "This is desire, this is anger, born of rajas",
    "context": "Know what disrupts your habits",
    "actionable_insight": "Identify what triggers you to skip practice"
  },
  {
    "day": 120,
    "date": "April 30",
    "source": "Bhagavad Gita 5.22",
    "category": "Wisdom & Right Action",
    "sanskrit": "ये हि संस्पर्शजा भोगा दुःखयोनय एव ते",
    "hindi": "संस्पर्शजन्य भोग दुःख के कारण हैं",
    "english": "Pleasures from contact are sources of pain",
    "context": "Seek lasting satisfaction from habits",
    "actionable_insight": "Find joy in the practice itself"
  }
]