[
  {
    "id": "akka_mahadevi",
    "name": "Akka Mahadevi",
    "nameLocal": "ಅಕ್ಕ ಮಹಾದೇವಿ",
    "nameHi": "अक्का महादेवी",
    "tradition": "hindu",
    "sampradaya": "Veerashaiva / Bhakti (Shaivite)",
    "period": "c. 1130–1160 CE",
    "birthPlace": "Udutadi, Karnataka",
    "biography": "Akka Mahadevi was a 12th-century Kannada poet-saint and one of the earliest female poets in Kannada literature. A devoted follower of Lord Shiva (whom she called Chennamallikarjuna), she rejected conventional social norms, including marriage to a local king, choosing instead a life of radical renunciation and spiritual pursuit. She wandered naked, covered only by her long hair, symbolizing her complete surrender to Shiva and rejection of societal shame. As part of the Veerashaiva (Lingayat) movement, she composed over 430 vachanas—free-verse devotional poems expressing intense longing for union with the divine. Her poetry blends mysticism, feminist critique, and philosophical depth, challenging patriarchal structures while affirming the soul’s equality before God. She joined the Anubhava Mantapa in Kalyana, a spiritual parliament of saints, where her wisdom earned respect among male contemporaries like Basavanna and Allama Prabhu.",
    "teachings": [
      "True devotion requires total renunciation of ego and social identity.",
      "The soul has no gender; divine love transcends bodily distinctions.",
      "External rituals are meaningless without inner purity and direct experience."
    ],
    "works": [
      "Vachanas (430+ extant poems)",
      "Mukti Nandi"
    ],
    "quotes": [
      "\"I have no use for a husband who isn’t Shiva.\"",
      "\"Like oil in water, I remain separate from worldly attachments.\""
    ],
    "image": "akka_mahadevi.jpg"
  },
  {
    "id": "tulsidas",
    "name": "Goswami Tulsidas",
    "nameLocal": "तुलसीदास",
    "nameHi": "तुलसीदास",
    "tradition": "hindu",
    "sampradaya": "Ramanandi Sampradaya / Saguna Bhakti",
    "period": "1532–1623 CE",
    "birthPlace": "Rajapur, Uttar Pradesh",
    "biography": "Goswami Tulsidas was a 16th-century Vaishnava saint, poet, and philosopher best known for composing the Ramcharitmanas, an Awadhi-language retelling of the Ramayana that made the story of Rama accessible to the masses. Orphaned at birth and raised by ascetics, he experienced a profound spiritual awakening after his wife reminded him that love for God surpasses even marital affection. He became a devoted follower of Rama and spent his life preaching bhakti through poetry, drama, and public discourse. His works revitalized Rama worship across North India and inspired festivals like Ramlila. Tulsidas emphasized moral living, devotion, and the grace of Rama as the path to liberation. Despite facing criticism from orthodox Sanskrit scholars, his vernacular masterpiece became one of the most widely read texts in Hinduism, shaping religious and cultural life for centuries.",
    "teachings": [
      "Devotion to Rama is the supreme path to salvation.",
      "Ethical conduct and humility are essential for spiritual progress.",
      "God’s name (Ram Naam) has the power to destroy sin and ignorance."
    ],
    "works": [
      "Ramcharitmanas",
      "Hanuman Chalisa",
      "Vinaya Patrika",
      "Dohavali"
    ],
    "quotes": [
      "\"Wherever the name of Rama is sung, there Hanuman stands with folded hands.\"",
      "\"Without devotion, knowledge is dry; without knowledge, devotion is blind.\""
    ],
    "image": "tulsidas.jpg"
  },
  {
    "id": "mira_bai",
    "name": "Mirabai",
    "nameLocal": "मीराबाई",
    "nameHi": "मीराबाई",
    "tradition": "hindu",
    "sampradaya": "Pushtimarg / Saguna Bhakti (Vaishnavism)",
    "period": "c. 1498–1547 CE",
    "birthPlace": "Kudki, Rajasthan",
    "biography": "Mirabai was a 16th-century Rajput princess and one of the most celebrated female saints of the Bhakti movement. From childhood, she was devoted to Lord Krishna, whom she regarded as her true husband. Her refusal to conform to royal duties and her public singing and dancing in Krishna’s praise brought her into conflict with her in-laws. Legend says she survived multiple assassination attempts through Krishna’s grace. She eventually left the palace to become a wandering devotee, visiting Vrindavan, Dwarka, and other sacred sites. Her lyrical bhajans, composed in Braj Bhasha and Rajasthani, express intense personal love for Krishna, blending romantic longing with spiritual yearning. Over 1,000 poems are attributed to her, though scholars accept around 200–300 as authentic. Her legacy endures as a symbol of fearless devotion and feminine spiritual autonomy.",
    "teachings": [
      "Love for God must be absolute, even if it defies social norms.",
      "The world is transient; only divine love offers true refuge.",
      "A devotee sees God in all beings and places."
    ],
    "works": [
      "Padavali (collection of bhajans)",
      "Mira Bai Ke Pad"
    ],
    "quotes": [
      "\"My eyes see only Giridhar Gopal; nothing else exists for me.\"",
      "\"They tried to poison me, but my Lord turned it into nectar.\""
    ],
    "image": "mira_bai.jpg"
  },
  {
    "id": "samarth_ramdas",
    "name": "Samarth Ramdas",
    "nameLocal": "समर्थ रामदास",
    "nameHi": "समर्थ रामदास",
    "tradition": "hindu",
    "sampradaya": "Varkari / Dattatreya Sampradaya",
    "period": "1608–1681 CE",
    "birthPlace": "Jamb, Maharashtra",
    "biography": "Samarth Ramdas was a 17th-century Marathi saint, philosopher, and spiritual guide to Chhatrapati Shivaji Maharaj. Born Narayan Suryajipant Thosar, he took sannyasa at age 12 and dedicated his life to reviving Hindu pride and discipline during Mughal rule. He established numerous mathas (monasteries) and promoted physical and spiritual strength through yoga, martial training, and devotion to Hanuman and Rama. His magnum opus, Dasbodh, is a comprehensive guide to spiritual practice, ethics, and statecraft. Ramdas emphasized self-reliance, righteous action (dharma), and unwavering devotion. Though often seen as Shivaji’s guru, their relationship was more that of mutual respect—Ramdas provided moral guidance while supporting the king’s mission to protect dharma. His teachings continue to inspire nationalist and spiritual movements in Maharashtra.",
    "teachings": [
      "Strength of body and mind are essential for serving dharma.",
      "Devotion to Rama and Hanuman leads to fearlessness and clarity.",
      "One must act righteously without attachment to results."
    ],
    "works": [
      "Dasbodh",
      "Manache Shlok",
      "Aatmaaram"
    ],
    "quotes": [
      "\"Do not wait for miracles; become the miracle through your own effort.\"",
      "\"Where there is dharma, there is victory.\""
    ],
    "image": "samarth_ramdas.jpg"
  },
  {
    "id": "chaitanya_mahaprabhu",
    "name": "Chaitanya Mahaprabhu",
    "nameLocal": "চৈতন্য মহাপ্রভু",
    "nameHi": "चैतन्य महाप्रभु",
    "tradition": "hindu",
    "sampradaya": "Gaudiya Vaishnavism",
    "period": "1486–1534 CE",
    "birthPlace": "Nabadwip, Bengal",
    "biography": "Chaitanya Mahaprabhu was a 15th–16th century Bengali saint revered by followers as an avatar of Krishna-Radha combined. Born as Vishvambhar Mishra to a Brahmin family, he was a brilliant scholar until a transformative encounter with the ascetic Isvara Puri led him to embrace ecstatic devotion (bhakti) to Krishna. He popularized sankirtan—the congregational chanting of the Hare Krishna mantra—as the yuga-dharma (recommended spiritual practice) for the current age. His life was marked by intense emotional states of divine love (prema), often causing him to faint or dance uncontrollably in streets. He traveled across India, debating scholars and inspiring masses, but refused to write theology himself, entrusting his philosophy to disciples like Rupa and Sanatana Goswami. His teachings emphasize pure love of God, humility, and the accessibility of bhakti to all, regardless of caste or gender.",
    "teachings": [
      "The highest goal is selfless love (prema) for Krishna.",
      "Congregational chanting (sankirtan) purifies the heart and awakens devotion.",
      "Humility, tolerance, and giving honor to others are essential virtues."
    ],
    "works": [
      "Shikshashtakam (eight verses on devotion)",
      "Authorized disciples wrote: Bhakti-rasamrita-sindhu, Chaitanya Charitamrita"
    ],
    "quotes": [
      "\"Trnad api su-nicena taror iva sahisnuna / amanina manadena kirtaniyah sada harih.\" (Be humbler than a blade of grass, more tolerant than a tree...)",
      "\"In this age, there is no other means, no other means, no other means for spiritual progress than the holy name of the Lord.\""
    ],
    "image": "chaitanya_mahaprabhu.jpg"
  },
  {
    "id": "sri_aurobindo",
    "name": "Sri Aurobindo",
    "nameLocal": "শ্রী অরবিন্দ",
    "nameHi": "श्री अरविंद",
    "tradition": "hindu",
    "sampradaya": "Modern Saint / Integral Yoga",
    "period": "1872–1950 CE",
    "birthPlace": "Kolkata, Bengal",
    "biography": "Sri Aurobindo was a philosopher, yogi, poet, and nationalist who transformed from a revolutionary freedom fighter into one of India’s most profound spiritual visionaries. Educated in England, he returned to India and joined the independence movement before a spiritual awakening led him to Pondicherry in 1910. There, he developed Integral Yoga—a path aimed not at escape from the world but at the transformation of human life into a divine existence. He taught that evolution is not merely biological but spiritual, culminating in the descent of a 'supramental consciousness' that would divinize matter itself. With 'The Mother' (Mirra Alfassa), he founded the Sri Aurobindo Ashram, which continues his work. His writings, including The Life Divine and Savitri, synthesize Vedanta, Tantra, and modern thought into a futuristic spiritual vision.",
    "teachings": [
      "Spiritual evolution will lead to a supramental transformation of earthly life.",
      "All life is yoga; spirituality must engage with the material world.",
      "The Divine is both transcendent and immanent—present in all creation."
    ],
    "works": [
      "The Life Divine",
      "Savitri: A Legend and a Symbol",
      "Synthesis of Yoga",
      "Essays on the Gita"
    ],
    "quotes": [
      "\"The day humanity transcends its animal nature, that day it becomes truly human—and then divine.\"",
      "\"All life is Yoga.\""
    ],
    "image": "sri_aurobindo.jpg"
  },
  {
    "id": "basavanna",
    "name": "Basavanna",
    "nameLocal": "ಬಸವಣ್ಣ",
    "nameHi": "बसवण्ण",
    "tradition": "hindu",
    "sampradaya": "Veerashaiva / Lingayatism",
    "period": "1105–1167 CE",
    "birthPlace": "Bagevadi, Karnataka",
    "biography": "Basavanna was a 12th-century philosopher, statesman, and social reformer who founded the Lingayat (Veerashaiva) movement in Karnataka. As a minister in the Kalachuri kingdom, he used his position to challenge caste hierarchy, ritualism, and gender inequality. He established the Anubhava Mantapa—a spiritual and democratic assembly in Kalyana—where people of all castes and genders debated philosophy and shared mystical experiences. Basavanna composed thousands of vachanas (poetic prose) in simple Kannada, emphasizing personal devotion to Shiva (as Ishtalinga worn on the body), ethical living, and social justice. He rejected temple-centric worship, priesthood, and Vedic orthodoxy, advocating for a direct, experiential relationship with the divine. His movement empowered marginalized communities and remains influential in Karnataka’s religious and cultural identity.",
    "teachings": [
      "Wear the Ishtalinga as a constant reminder of Shiva’s presence within.",
      "Work is worship; honest labor is superior to empty rituals.",
      "Caste, gender, and wealth are irrelevant in the eyes of the divine."
    ],
    "works": [
      "Vachanas (over 1,000 attributed)",
      "Shatsthala Gnanodaya"
    ],
    "quotes": [
      "\"The rich will never know the pain of the poor, nor the poor the arrogance of the rich—but Shiva sees both equally.\"",
      "\"Do not steal, do not kill, do not lie—this is the true temple.\""
    ],
    "image": "basavanna.jpg"
  },
  {
    "id": "sahajanand_swami",
    "name": "Swaminarayan",
    "nameLocal": "સ્વામિનારાયણ",
    "nameHi": "स्वामिनारायण",
    "tradition": "hindu",
    "sampradaya": "Swaminarayan Sampradaya",
    "period": "1781–1830 CE",
    "birthPlace": "Chhapaiya, Uttar Pradesh",
    "biography": "Born Ghanshyam Pande, Swaminarayan emerged as a major saint in late 18th-century Gujarat during a time of social and moral decline. After a seven-year pilgrimage across India, he settled in Gujarat and began preaching dharma, non-violence, and devotion to Krishna (whom he identified as Purushottam). He established a disciplined monastic order and a householder community based on strict ethical codes, including vegetarianism, abstinence from alcohol, and fidelity in marriage. He built six grand temples and inspired thousands through his charisma and reported miracles. His followers regard him as the manifestation of Parabrahman (Supreme God). The Swaminarayan Sampradaya, now global, emphasizes moral living, temple worship, and service. His teachings were compiled by disciples in the Vachanamrut, considered his direct spiritual discourse.",
    "teachings": [
      "God (Purushottam) is eternally distinct from souls and matter.",
      "Ethical discipline is the foundation of spiritual progress.",
      "Devotion must be coupled with knowledge and detachment."
    ],
    "works": [
      "Vachanamrut (compiled by disciples)",
      "Shikshapatri (ethical code in his handwriting)"
    ],
    "quotes": [
      "\"He who sees God in all beings and all beings in God—his devotion is perfect.\"",
      "\"Control your senses, or they will control your destiny.\""
    ],
    "image": "swaminarayan.jpg"
  }
]